DiaInicio;MesInicio;AnoInicio;DiaFinal;MesFinal;AnoFinal;Pesado;Medio;Leve;Hidraulica;Termica;CARGA;EARM;ENA
04;08;1;10;08;1;684;684;684;29242.57;3921.71;33446;20.09;60.14
11;08;1;17;08;1;684;684;684;28742.71;4210.86;33554;19.22;59.86
18;08;1;24;08;1;684;684;684;28801.29;4251;33838.14;23.78;62.71
25;08;1;31;08;1;684;684;684;28746;4390.43;34118.86;17.29;58.43
01;09;1;07;09;1;684;684;684;28657.14;4191.86;33868;16.26;59.14
08;09;1;14;09;1;684;684;684;28861.71;4404.57;34273.29;15.22;61
15;09;1;21;09;1;684;684;684;28654.43;4152.14;33801.86;14.22;65
22;09;1;28;09;1;562.15;562.15;562.15;29333.71;4394.43;34704.14;13.22;65.14
29;09;1;05;10;1;562.15;562.15;562.15;30066.29;4028.57;34488;12.14;56.57
06;10;1;12;10;1;562.15;562.15;562.15;29999.29;3911.57;33943.43;11.1;58.86
13;10;1;19;10;1;562.15;562.15;562.15;30030.71;4133.86;34201.86;10.19;59
20;10;1;26;10;1;562.15;562.15;562.15;30311.71;4088;34426;9.24;63.43
27;10;1;02;11;1;562.15;562.15;562.15;30757.57;3846.86;34630.14;8.53;70.29
03;11;1;09;11;1;562.15;562.15;562.15;30988.43;3143.43;34757.14;8;63.57
10;11;1;16;11;1;562.15;562.15;562.15;29727.14;4159.86;34679.14;7.5;57.71
17;11;1;23;11;1;562.15;562.15;562.15;30072.43;4522.86;35489.71;7.39;55.71
24;11;1;30;11;1;562.15;562.15;562.15;31942.71;4506.71;36507.57;7.66;60
01;12;1;07;12;1;562.15;562.15;562.15;31248.57;4545.57;35837.29;8.81;68.14
08;12;1;14;12;1;562.15;562.15;562.15;32164.43;4791;37121.86;10.16;80.86
15;12;1;21;12;1;562.15;562.15;562.15;31296.57;4590;36468.86;10.65;79.43
22;12;1;28;12;1;562.15;562.15;562.15;28150.57;3828.14;32143.43;12.19;75.71
29;12;1;31;12;1;562.15;562.15;562.15;11826.43;1268.14;13113.86;21.06;86.33
01;01;2;04;01;2;562.15;562.15;562.15;16610.71;2339.14;19214.43;15.59;42.75
05;01;2;11;01;2;562.15;562.15;562.15;31010;4714.57;36451.57;21.14;58.29
12;01;2;18;01;2;562.15;562.15;562.15;30895;4455.29;36137.57;26.7;90.86
19;01;2;25;01;2;562.15;562.15;562.15;32936.86;3588.43;36981;32.98;99.86
26;01;2;01;02;2;319.41;319.41;319.41;34322.43;4069.86;38435;36.92;97.14
02;02;2;08;02;2;319.41;319.41;319.41;33088.57;4281.71;37415.71;40.98;96.71
09;02;2;15;02;2;319.41;319.41;319.41;31533.29;4146.57;35725.29;48.87;104.29
16;02;2;22;02;2;319.41;319.41;319.41;34778;3668.86;38488.57;49.01;91.43
23;02;2;01;03;2;319.41;319.41;319.41;35445.14;3723.14;39213.29;54.56;94.43
02;03;2;08;03;2;4;4;4;36258.14;3651.71;39952.57;58.8;99.71
09;03;2;15;03;2;4.88;4.88;4.88;38010.57;3180;41233;61.27;106.43
16;03;2;22;03;2;7.32;7.32;7.32;37800.29;3124.29;40969.71;62.49;99.57
23;03;2;29;03;2;7.04;7.04;7.04;35652.14;3189;38888.29;63.14;87.86
30;03;2;05;04;2;6.17;6.17;6.17;36549.29;3314.71;39981.71;64.2;71.71
06;04;2;12;04;2;5.72;5.72;5.72;36081.57;4061.43;40207.29;65.38;77.14
13;04;2;19;04;2;8.71;8.71;8.71;36862.86;3784.29;40692.14;65.91;74.29
20;04;2;26;04;2;8.75;8.75;8.75;36640.86;4004.57;40684.29;65.9;66.86
27;04;2;03;05;2;4;4;4;35501.29;3736;39269.29;65.6;63.43
04;05;2;10;05;2;4.38;4.38;4.38;35752;4032.71;39829.71;65.01;60.29
11;05;2;17;05;2;4;4;4;35914.86;3986.14;39947.71;64.01;56
18;05;2;24;05;2;4.13;4.13;4.13;34910.71;3991.86;38973.86;62.58;53.43
25;05;2;31;05;2;4;4;4;33170.29;3987;37200.43;61.47;52.29
01;06;2;07;06;2;5.57;5.57;5.57;35266.57;3623.86;38958.14;60.41;65.71
08;06;2;14;06;2;7.69;7.69;7.69;35378;4092.14;39673;59.15;67
15;06;2;21;06;2;7.73;7.73;7.73;35182;3900.71;39162.14;57.94;65.57
22;06;2;28;06;2;7.61;7.61;7.61;34725.29;3699.57;38469.29;56.64;63.29
29;06;2;05;07;2;15.89;15.89;15.89;34971.43;3603.71;38620.57;55.51;67
06;07;2;12;07;2;17.52;17.52;17.52;34326.57;3676.29;38046.86;54.25;70.14
13;07;2;19;07;2;17.35;17.35;17.35;34666.14;3548.29;38289;52.75;67.14
20;07;2;26;07;2;15.59;15.59;15.59;35334.43;3371.86;38751.71;51.18;65.71
27;07;2;02;08;2;15.44;15.44;15.44;35424.71;3215.57;38686.43;49.61;66.29
03;08;2;09;08;2;13.52;13.52;13.52;35987.86;3242.29;39274.71;47.93;72
10;08;2;16;08;2;11.72;11.72;11.72;36485;3165.29;39692.14;46.18;69.57
17;08;2;23;08;2;12.41;12.41;12.41;36749.57;3203.86;39998;44.7;67.43
24;08;2;30;08;2;14.07;14.07;14.07;4612.14;0.29;5630.43;42.87;66.14
31;08;2;06;09;2;5.93;5.93;5.86;5373.86;0;5825.57;40.78;67.14
07;09;2;13;09;2;5.87;5.81;5.65;5433.14;0;5784.14;38.91;65.86
14;09;2;20;09;2;5.54;5.54;5.54;5549.14;0;5853.86;36.76;65
21;09;2;27;09;2;4.93;4.87;4.83;5319.71;0;5921.29;34.62;65
28;09;2;04;10;2;4;4;4;4995.86;0.43;5929.43;32.8;60.43
05;10;2;11;10;2;4;4;4;5098.43;9.29;5930.57;31.68;60.57
12;10;2;18;10;2;4.06;4;4;5117.14;6.43;6031.57;29.49;74
19;10;2;25;10;2;4.67;4.66;4.55;5327.86;12;6143.86;27.35;71.71
26;10;2;01;11;2;6.77;6.59;6.59;5723.57;9.71;6179.57;25.1;62.29
02;11;2;08;11;2;6.87;6.71;6.71;5354.57;5.14;6099.86;23.04;30.14
09;11;2;15;11;2;5.88;5.64;5.64;4479.91;8.71;6067.86;21.5;32.43
16;11;2;22;11;2;6.04;5.88;5.88;5605;11.43;6211.57;20.47;41.14
23;11;2;29;11;2;5.69;5.67;5.67;5826.43;28;6242.29;19.46;52.14
30;11;2;06;12;2;5.66;5.66;5.66;5945.71;61.43;6250.86;17.96;35.43
07;12;2;13;12;2;5.74;5.74;5.74;5875.71;24.57;6147;17.03;40
14;12;2;20;12;2;6.13;6.13;6.13;5922.71;52.86;6238.71;16.77;38.86
21;12;2;27;12;2;4.01;4.01;4.01;5256.29;42.86;5896.29;16.99;37.86
28;12;2;31;12;2;4;4;4;2661.14;28.71;3209.43;18.33;45
04;01;3;10;01;3;5.29;5.25;5.19;5176;122.71;6237;20.84;79.43
11;01;3;17;01;3;4;4;4;5440.57;83.29;6319.43;23.43;76.57
18;01;3;24;01;3;4.25;4.25;4.25;5353.71;101.57;6187.14;27.61;81.57
25;01;3;31;01;3;4;4;4;5030.57;27.43;6068.71;32.52;89.71
01;02;3;07;02;3;4;4;4;4730.71;170.71;5926;37.36;114
08;02;3;14;02;3;4;4;4;4860.86;157.57;5866.86;41.14;121.14
15;02;3;21;02;3;4;4;4;4804.14;134.57;5910.14;43.9;115.86
22;02;3;28;02;3;4;4;4;4783;28.57;5740.71;45.55;105.43
01;03;3;07;03;3;4;4;4;4623.71;22.14;5580.71;46.16;57.29
08;03;3;14;03;3;4;4;4;4923.71;46.86;6014.86;46.31;60.14
15;03;3;21;03;3;4;4;4;4795.86;31;5759.14;46.37;54.29
22;03;3;28;03;3;4;4;4;4946.43;54.86;5836.57;47.43;50.43
29;03;3;04;04;3;4;4;4;4802.57;191.71;5942.43;49.21;71.71
05;04;3;11;04;3;5.48;5.48;5.48;4884.71;208.86;6032;51.01;95.29
12;04;3;18;04;3;5.48;5.48;5.48;5013;46;5961;52.7;96.14
19;04;3;25;04;3;5.48;5.48;5.48;4926.43;31.14;5876.86;53.28;87.71
26;04;3;02;05;3;5.48;5.48;5.48;4878.14;28.57;5929.71;53.03;81.57
03;05;3;09;05;3;5.57;5.57;5.57;4917;46.29;5958.29;52.51;75.71
10;05;3;16;05;3;5.96;5.96;5.96;4700.14;83.14;5866.29;51.74;68.71
17;05;3;23;05;3;6.25;6.25;6.25;4757.86;37.57;5915.43;50.88;65.43
24;05;3;30;05;3;7.1;7.1;7.09;4868.71;109.57;6099.86;49.95;64.57
31;05;3;06;06;3;11.49;11.49;11.49;4721.14;46.57;5868.43;48.82;70.86
07;06;3;13;06;3;11.36;11.36;11.23;4315.71;65.29;5825;47.86;73.43
14;06;3;20;06;3;9.42;9.21;9.05;3889.71;133.43;5727.14;47.09;73.29
21;06;3;27;06;3;10.55;10.55;10.55;3887.71;131;5648.86;46.21;71.57
28;06;3;04;07;3;9.98;9.98;9.98;4142.43;126.86;5785.43;45.11;72.14
05;07;3;11;07;3;10.33;10.33;10.33;4122.86;149.14;5796.43;44.17;70.86
12;07;3;18;07;3;10.84;10.84;10.84;4309.43;140.43;5745.14;43.02;69.86
19;07;3;25;07;3;9.04;9.04;9.04;4229.57;139.43;5781.43;41.74;68.43
26;07;3;01;08;3;9.08;9.08;9.08;4272.29;137.71;5817.86;40.42;67.43
02;08;3;08;08;3;13.61;13.06;13.06;4077.14;124.57;5802;39.17;72
09;08;3;15;08;3;14.52;14.28;14.28;4230.71;35.86;5917.14;37.84;68.86
16;08;3;22;08;3;13.84;13.62;13.62;4287.29;79.14;5998.43;36.39;70.29
23;08;3;29;08;3;12.93;12.93;12.93;4402.86;55.71;6089;35.01;69
30;08;3;05;09;3;14.29;13.71;13.71;4400.57;63.57;6090;33.69;72.14
06;09;3;12;09;3;14.84;14.24;14.24;4302.86;26.71;6043.86;32.4;72
13;09;3;19;09;3;13.62;13.62;13.62;4507.14;44.14;6182.14;31.01;74
20;09;3;26;09;3;16.95;16.95;16.95;4648;100.86;6180.86;29.43;75
27;09;3;03;10;3;20.11;20.11;19.86;4771.43;57.14;6334.29;27.73;68.86
04;10;3;10;10;3;21.45;21.45;20.58;4939.57;82.71;6332;25.86;61
11;10;3;17;10;3;20.05;20.05;20.05;4972.14;105.86;6275.29;23.8;59.29
18;10;3;24;10;3;17.32;17.32;17.32;5007.86;127.86;6333.57;21.81;57.43
25;10;3;31;10;3;20.95;20.95;20.95;5026.29;149.14;6291.57;19.81;57.71
01;11;3;07;11;3;20.5;20.5;20.5;4091.14;113.71;6019.57;18.07;35.57
08;11;3;14;11;3;23.2;23.2;23.2;4832.43;61.43;6285.14;16.88;36.43
15;11;3;21;11;3;27.18;27.18;26.07;4815.71;129.14;6398.14;15.7;40.14
22;11;3;28;11;3;29.63;29.63;28.42;4920.29;158.86;6432.14;14.61;45.29
29;11;3;05;12;3;82.72;82.72;82.72;4723.43;252.71;6535.29;13.53;34.86
06;12;3;12;12;3;82.72;82.72;82.72;4735.29;322.71;6516.14;13.67;31.43
13;12;3;19;12;3;16.95;16.95;16.95;4499;234.86;6410.43;13.62;34
20;12;3;26;12;3;18.45;18.45;18.45;4289;247.29;6175.43;13.83;43.86
27;12;3;31;12;3;58.24;58.24;58.24;2602.29;457.29;4269.71;14.15;50.8
01;01;4;02;01;4;58.24;58.24;58.24;897.86;202;1608.86;14.19;28.5
03;01;4;09;01;4;412.83;412.83;412.83;3552.29;1027;6293;14.42;27.29
10;01;4;16;01;4;315.21;315.21;272.57;3273.57;1082.14;6180.71;16.37;32
17;01;4;23;01;4;315.21;315.21;315.21;3320.14;721.43;5858.86;21.21;41
24;01;4;30;01;4;255.33;255.33;255.33;4400.43;429.71;5760.71;29.6;55.14
31;01;4;06;02;4;18.59;18.59;18.59;5520.14;224.57;5779.71;35.8;160
07;02;4;13;02;4;18.59;18.59;18.59;5745;254;6031.57;39.89;180.43
14;02;4;20;02;4;18.59;18.59;18.59;5132.14;315.57;6045.71;44.37;147.86
21;02;4;27;02;4;18.59;18.59;18.59;4346.71;269.14;5874;49.58;133.57
28;02;4;05;03;4;18.59;18.59;18.59;4505.43;281.57;6170;56.7;141.57
06;03;4;12;03;4;18.59;18.59;18.59;4358;213.29;6157.43;64.05;146.71
13;03;4;19;03;4;18.59;18.59;18.59;4169.43;303.14;6100;70.74;149.57
20;03;4;26;03;4;18.59;18.59;18.59;3850.86;319.43;6239.57;77.87;152.29
27;03;4;02;04;4;18.59;18.59;18.59;4910.57;346.86;6295;82.68;154
03;04;4;09;04;4;18.59;18.59;18.59;5010.71;336.86;6095.14;86.55;167.14
10;04;4;16;04;4;18.59;18.59;18.59;5147.43;334.29;6259.14;91.44;159.71
17;04;4;23;04;4;18.59;18.59;18.59;5637.29;353.43;6147.71;94.11;149.43
24;04;4;30;04;4;18.59;18.59;18.59;5664.57;354.71;6210;97.01;145.57
01;05;4;07;05;4;18.59;18.59;18.59;5487.86;399.86;6076.57;97.44;220.43
08;05;4;14;05;4;18.59;18.59;18.59;5682.57;372.57;6254.71;97.5;173.14
15;05;4;21;05;4;18.59;18.59;18.59;5394;408.43;6245.86;97.34;153
22;05;4;28;05;4;18.59;18.59;18.59;4927.57;380;6178.14;97.23;135
29;05;4;04;06;4;18.59;18.59;18.59;5362.86;145.71;6114.29;96.72;105
05;06;4;11;06;4;18.59;18.59;18.59;4699.71;377.43;6032.29;96.43;92
12;06;4;18;06;4;18.59;18.59;18.59;4255.86;521;6043.57;96.14;90.43
19;06;4;25;06;4;18.59;18.59;18.59;4205.29;492.43;5870.71;95.73;88
26;06;4;02;07;4;18.59;18.59;18.59;4494.86;283.14;5937.57;95.13;89.29
03;07;4;09;07;4;18.59;18.59;18.59;4896.29;187.43;6033;94.19;88.71
10;07;4;16;07;4;18.59;18.59;18.59;4933.29;291.71;6084.71;93.42;91.43
17;07;4;23;07;4;18.59;18.59;18.59;4587;330.29;6036.43;92.57;100
24;07;4;30;07;4;18.59;18.59;18.59;4774.86;337.57;5987.57;91.12;99.29
31;07;4;06;08;4;18.59;18.59;18.59;5140.29;160.14;6096.57;89.66;99.43
07;08;4;13;08;4;18.59;18.59;18.59;5216.57;235.43;6104.29;88;96
14;08;4;20;08;4;18.59;18.59;18.59;5460;280.43;6081.43;86.44;92.86
21;08;4;27;08;4;18.59;18.59;18.59;5682.71;288.57;6393.29;84.87;90.86
28;08;4;03;09;4;18.59;18.59;18.59;5826;387.14;6460.29;83.09;85.71
04;09;4;10;09;4;18.59;18.59;18.59;5657.29;400.14;6283.29;80.83;84.86
11;09;4;17;09;4;18.59;18.59;18.59;5991.86;279.71;6457;78.47;86
18;09;4;24;09;4;18.59;18.59;18.59;5065.56;308.29;6531;76.33;87
25;09;4;01;10;4;18.59;18.59;18.59;5872.14;427;6507.71;74.12;83
02;10;4;08;10;4;18.59;18.59;18.59;5618.29;437.29;6546;71.87;69.43
09;10;4;15;10;4;18.59;18.59;18.59;5988.43;375.71;6525;69.77;67.86
16;10;4;22;10;4;18.59;18.59;18.59;6070.29;391.29;6697.14;67.82;67.43
23;10;4;29;10;4;18.59;18.59;18.59;6167.14;407.14;6733.43;65.4;68
30;10;4;05;11;4;18.59;18.59;18.59;5596.57;306.86;6555.14;63.47;52.57
06;11;4;12;11;4;18.59;18.59;18.59;6080.29;373.86;6816.43;61.35;49.57
13;11;4;19;11;4;18.59;18.59;18.59;5907.43;416.71;6724;59.33;50.14
20;11;4;26;11;4;18.59;18.59;18.59;6081.43;380.43;6681;863.48;49
27;11;4;03;12;4;18.59;18.59;18.59;5848.71;423.71;6313.14;56.35;43.14
04;12;4;10;12;4;18.59;18.59;18.59;5876.57;230.86;6800.43;55.26;38.29
11;12;4;17;12;4;18.59;18.59;18.59;5679.86;259.57;6795;54.85;41
18;12;4;24;12;4;18.59;18.59;18.59;5499.57;292.71;6790;55.25;45
25;12;4;31;12;4;18.59;18.59;18.59;4962;377.29;6521.43;57.46;49.71
01;01;5;07;01;5;18.33;18.33;18.33;5171.14;279.71;5658;1014.76;63.71
08;01;5;14;01;5;18.33;18.33;18.33;5157.29;500.86;6675;968.51;72.71
15;01;5;21;01;5;18.33;18.33;18.33;5373.86;462.29;6723.57;66.07;80.14
22;01;5;28;01;5;18.33;18.33;18.33;5471.57;417.71;6691.86;68.48;83.71
29;01;5;04;02;5;18.33;18.33;18.33;5057;437.57;6814.14;72.19;86.86
05;02;5;11;02;5;18.33;18.33;18.33;4853.57;365.57;6502.86;75.53;86.86
12;02;5;18;02;5;18.33;18.33;18.33;5070.43;407.29;6648.29;78.34;80
19;02;5;25;02;5;18.33;18.33;18.33;5883.86;303.43;6735.57;80.76;92.14
26;02;5;04;03;5;18.33;18.33;18.33;6360.86;443.86;6923.71;3090.21;212.86
05;03;5;11;03;5;18.33;18.33;18.33;6479.43;419;7029.86;85.39;84.43
12;03;5;18;03;5;18.33;18.33;18.33;6238.29;414.86;6847.14;86.71;77.29
19;03;5;25;03;5;18.33;18.33;18.33;5852.29;489.43;6503.14;88.85;85
26;03;5;01;04;5;18.33;18.33;18.33;6054.29;344.86;6544.43;91.05;98.29
02;04;5;08;04;5;18.33;18.33;18.33;6287.57;262.43;6721.29;99.92;136.94
09;04;5;15;04;5;18.33;18.33;18.33;6173.57;342.43;6740.71;96.51;137.71
16;04;5;22;04;5;18.33;18.33;18.33;6347;248.29;6700.29;97.39;121.43
23;04;5;29;04;5;18.33;18.33;18.33;6469.71;264.57;6846.14;96.94;105.29
30;04;5;06;05;5;18.33;18.33;18.33;6046.57;325.43;6540.57;97.45;105.14
07;05;5;13;05;5;18.33;18.33;18.33;6113.86;358.29;6619.43;97.63;112.14
14;05;5;20;05;5;18.33;18.33;18.33;6066.71;228.29;6589;97.21;102.43
21;05;5;27;05;5;18.33;18.33;18.33;5765.29;198;6578;96.38;97.14
28;05;5;03;06;5;18.33;18.33;18.33;5153.86;198.29;6410.14;95.7;94.57
04;06;5;10;06;5;18.33;18.33;18.33;5050.14;273.29;6407;95.19;95
11;06;5;17;06;5;18.33;18.33;18.33;5238.71;312.57;6457.29;94.81;101
18;06;5;24;06;5;18.33;18.33;18.33;6006.86;238.71;6425.43;93;99.43
25;06;5;01;07;5;18.33;18.33;18.33;5874.29;253;6300.57;91.73;95.71
02;07;5;08;07;5;18.33;18.33;18.33;5998.43;196.14;6440.14;90.35;96.57
09;07;5;15;07;5;18.33;18.33;18.33;5661.29;226.29;6384.29;88.87;93.14
16;07;5;22;07;5;18.33;18.33;18.33;5895.29;196;6509.57;87.1;90.29
23;07;5;29;07;5;18.33;18.33;18.33;5259.86;249.57;6495.86;85.51;88.43
30;07;5;05;08;5;18.33;18.33;18.33;5125.14;294.43;6474.71;84.21;88.43
06;08;5;12;08;5;18.33;18.33;18.33;5782;269.43;6560;82.57;89.57
13;08;5;19;08;5;18.33;18.33;18.33;6013.86;269.71;6610.43;80.67;88.71
20;08;5;26;08;5;18.33;18.33;18.33;5878.86;283.71;6622.43;78.84;87.57
27;08;5;02;09;5;19.53;19.4;19.4;5930;282.57;6710.29;76.99;88.29
03;09;5;09;09;5;18.33;18.33;18.33;5960.14;256;6661.14;75.08;88.71
10;09;5;16;09;5;18.33;18.33;18.33;6005.43;250.14;6757.43;72.96;86.29
17;09;5;23;09;5;18.33;18.33;18.33;6173.57;258.71;6878.14;70.92;86
24;09;5;30;09;5;18.33;18.33;18.33;6247;213.14;6971.86;68.57;85.86
01;10;5;07;10;5;18.33;18.33;18.33;6441.57;308;6961.71;66.32;72.71
08;10;5;14;10;5;18.33;18.33;18.33;6429;245;6789.14;63.76;74.71
15;10;5;21;10;5;18.33;18.33;18.33;6270.71;283.57;6897.43;61.22;78
22;10;5;28;10;5;19.55;19.55;19.42;6033;266.29;7012;58.94;74.43
29;10;5;04;11;5;21.21;21.01;21.01;5890.29;272.57;6890.43;56.87;48.71
05;11;5;11;11;5;18.58;18.58;18.58;6326.86;271.86;7038.14;54.91;37.57
12;11;5;18;11;5;18.54;18.54;18.54;6139.57;240.86;6790.71;801.34;42.57
19;11;5;25;11;5;21.36;21.36;21.36;6365.29;256.14;7152.43;52.35;51.57
26;11;5;02;12;5;20.15;20.03;20.03;6144.71;320;6979.29;52.82;61.71
03;12;5;09;12;5;18.33;18.33;18.33;6243.43;151.43;6852.29;54.21;72.57
10;12;5;16;12;5;18.33;18.33;18.33;6316;203.29;6981.71;58.4;96.43
17;12;5;23;12;5;18.33;18.33;18.33;6342.71;154.71;7035.14;62.61;111.71
24;12;5;30;12;5;18.33;18.33;18.33;5642.71;212.86;6703.71;62.31;117.71
31;12;5;31;12;5;16.92;16.92;16.92;727.57;37.86;911.29;67.08;127
07;01;6;13;01;6;16.92;16.92;16.92;5869.71;186.86;6932.57;72.53;121.57
14;01;6;20;01;6;16.92;16.92;16.92;6016;166.86;6968.29;74.98;110.86
21;01;6;27;01;6;16.92;16.92;16.92;6004.29;267.57;7076.29;76.96;103.57
28;01;6;03;02;6;34.32;34.1;34.1;6044;95.43;7108.71;77.42;76.14
04;02;6;10;02;6;37.62;37.62;37.37;6072.43;202.29;7155.71;77.35;40.71
11;02;6;17;02;6;45.04;45.04;44.74;6002.43;123;7101.71;77.19;37
18;02;6;24;02;6;30.73;30.73;30.53;6161.14;98.43;7067.14;77.55;38.43
25;02;6;03;03;6;40;40;39.74;5648.86;169.29;6648.57;77.82;41.57
04;03;6;10;03;6;40.27;40.02;39.76;6101.57;106.14;7129.14;78.03;43.29
11;03;6;17;03;6;39.27;39.27;39.01;5101;116.29;6982.71;80.01;44.29
18;03;6;24;03;6;32.67;32.67;32.67;5090;206.71;6922.43;83.53;50.57
25;03;6;31;03;6;31.16;30.95;30.95;5412.86;176.86;6989;87.44;58.86
01;04;6;07;04;6;16.92;16.92;16.92;5430.71;204.14;5899.14;92.28;163
08;04;6;14;04;6;16.92;16.92;16.92;5565.29;166.57;6731.86;95.55;148.43
15;04;6;21;04;6;16.92;16.92;16.92;5960.86;263.57;6676.57;97.51;134
22;04;6;28;04;6;16.92;16.92;16.92;6591.43;175.86;6761.86;98.21;122.43
29;04;6;05;05;6;16.92;16.92;16.92;6423.86;231.57;6651.57;98.3;125
06;05;6;12;05;6;18.94;18.94;18.82;6536.43;181;6801;98.08;124
13;05;6;19;05;6;20.95;20.86;20.72;6251;217.43;6673.29;97.5;110.86
20;05;6;26;05;6;20.3;20.3;20.16;6113.29;171.86;6581.14;96.21;100.71
27;05;6;02;06;6;21.92;21.83;21.83;5728.86;122.71;6501.29;95.67;93.29
03;06;6;09;06;6;22.38;22.38;22.38;5638.86;165.43;6603.86;95.26;89.43
10;06;6;16;06;6;23.28;23.13;23.13;5459.86;178.86;6503.71;93.48;87.71
17;06;6;23;06;6;23.93;23.93;23.93;6009.29;177;6517.14;92.17;83.57
24;06;6;30;06;6;24.29;24.29;24.29;6207.14;181.14;6404.14;90.67;80.71
01;07;6;07;07;6;28.72;28.72;28.72;6257.57;187;6458.43;88.97;84.86
08;07;6;14;07;6;28.64;28.64;28.45;6394.71;180.71;6577.14;86.56;83.29
15;07;6;21;07;6;28.42;28.42;28.42;6314.29;219.43;6542;84.18;83.71
22;07;6;28;07;6;28.9;28.9;28.71;6378.86;204.43;6589.14;82.32;82.71
29;07;6;04;08;6;49.15;49.15;48.83;6716.43;60.14;6787;80.28;83.57
05;08;6;11;08;6;47.76;47.76;47.76;6607.57;91;6720.14;78.17;81.71
12;08;6;18;08;6;48.85;48.85;48.85;6709;0.86;6730.29;76.42;82.29
19;08;6;25;08;6;49.86;49.86;49.59;6822;84.57;6917.71;74.05;84.14
26;08;6;01;09;6;65;64.88;64.88;6768;115.43;6896;71.65;84.43
02;09;6;08;09;6;67.11;66.71;66.71;6868;98.71;6867.29;69.48;88.43
09;09;6;15;09;6;66.48;66.48;66.48;7009.57;118.71;6927.29;67.08;88
16;09;6;22;09;6;70.99;69.88;69.42;7250.57;46.57;7110.29;64.65;87.29
23;09;6;29;09;6;74.21;74.21;73.72;7195.29;114.43;7155.57;61.92;86.71
30;09;6;06;10;6;52.23;52.23;52.23;6966.86;106.71;7191.43;59.4;74.57
07;10;6;13;10;6;52.62;52.62;52.62;7140.29;137.43;7162.43;57.04;85.14
14;10;6;20;10;6;48.13;48.13;48.13;7300.14;95.43;7340.29;54.81;83.86
21;10;6;27;10;6;45.62;45.62;45.34;7319;8.14;7213.43;53.26;85.29
28;10;6;03;11;6;24.17;24.17;24.03;6865.71;6.57;7040.57;52.25;96.57
04;11;6;10;11;6;33.29;33.29;33.29;7420.86;14.29;7378.86;51.45;119.14
11;11;6;17;11;6;23.65;23.65;23.44;7168;7.29;7118.14;51.38;124
18;11;6;24;11;6;23.13;22.99;22.84;7275.14;7;7217.71;52.1;133.14
25;11;6;01;12;6;16.92;16.92;16.92;7589.43;6.43;7336.14;52.75;140.57
02;12;6;08;12;6;19.69;19.69;19.56;6511.75;6.86;7324.71;53.1;78
09;12;6;15;12;6;16.92;16.92;16.92;7597.86;14.86;7389;55.08;85.86
16;12;6;22;12;6;16.92;16.92;16.92;7739.29;6.71;7446.29;58.4;101.86
23;12;6;29;12;6;16.92;16.92;16.92;7151.29;6.14;7094.57;59.8;112.29
30;12;6;31;12;6;17.59;17.59;17.59;1920.57;1.86;1925.29;61.55;116.5
06;01;7;12;01;7;17.59;17.59;17.59;7525.57;5.43;7397;66.17;115.14
13;01;7;19;01;7;17.59;17.59;17.59;7376.86;12.57;7478.43;70.14;117.14
20;01;7;26;01;7;17.59;17.59;17.59;7713.43;27.14;7630.86;74.04;119.14
27;01;7;02;02;7;17.59;17.59;17.59;7918.86;27.43;7639.71;77.06;120.86
03;02;7;09;02;7;17.59;17.59;17.59;7826.57;24.57;7461;79.84;124
10;02;7;16;02;7;17.59;17.59;17.59;7535;23;7283.14;80.39;126
17;02;7;23;02;7;17.59;17.59;17.59;5879.14;18.71;6500.86;82.43;131.86
24;02;7;02;03;7;17.59;17.59;17.59;6833;21;6864;84.51;140.14
03;03;7;09;03;7;17.59;17.59;17.59;7050.71;32.43;7006.29;85.76;144.43
10;03;7;16;03;7;17.59;17.59;17.59;7293.71;13.57;7081;87.69;141.57
17;03;7;23;03;7;17.59;17.59;17.59;7639.29;3.71;7242.86;90.64;144.86
24;03;7;30;03;7;17.59;17.59;17.59;7303;19;7362.86;93.84;142.71
31;03;7;06;04;7;17.59;17.59;17.59;6568;31.43;7200.14;95.26;94.71
07;04;7;13;04;7;17.59;17.59;17.59;6504.86;24.71;7312.43;95.81;78.86
14;04;7;20;04;7;33.94;33.94;33.94;6190.57;31.14;7167.71;95.61;72.57
21;04;7;27;04;7;35.24;35.03;34.8;5860.71;21.14;7007.29;95.24;68.71
28;04;7;04;05;7;43.99;43.7;43.7;5457.43;20.43;6806;95.37;79.43
05;05;7;11;05;7;32.37;32.35;32.14;6084.14;30.71;7076;94.9;86.14
12;05;7;18;05;7;36.97;36.73;36.73;5669.71;22;6993.14;93.69;82.29
19;05;7;25;05;7;39.81;39.73;39.73;6000;22.14;7131.14;92.83;77.14
26;05;7;01;06;7;122.26;120.33;118.08;6692.86;20.71;7117.43;91.17;74.14
02;06;7;08;06;7;104.73;103.51;101.85;6616.86;23.43;6933;89.57;81.71
09;06;7;15;06;7;119.13;117.4;114.6;6853.43;28.29;6984;87.63;80.43
16;06;7;22;06;7;78.7;77.47;77.47;6372.43;21.71;6976.71;85.7;77.14
23;06;7;29;06;7;84.72;83.53;83.53;6007.86;23.14;6902.71;84.36;77
30;06;7;06;07;7;131.36;130.69;130.69;7263.57;21.57;6974.14;82.53;82.43
07;07;7;13;07;7;132.73;132.73;130.64;7219.86;130.43;7030;79.96;82.57
14;07;7;20;07;7;133.41;130.1;130.1;7184.29;114.29;7102.71;78.06;83
21;07;7;27;07;7;120.18;116.88;116.3;7035.14;121.57;7096.43;75.6;82.14
28;07;7;03;08;7;61.74;61.66;61.66;5714.29;120.57;6936.29;73.36;86.71
04;08;7;10;08;7;35.27;35.27;35.27;5542.86;122.43;7041;71.87;89.14
11;08;7;17;08;7;37.68;37.68;37.68;5482.29;104.71;6952.14;70.13;86.29
18;08;7;24;08;7;41.74;41.67;41.67;5624;106.71;7030.57;68.31;85
25;08;7;31;08;7;61.98;61.98;61.58;5898.71;130;7185.29;66.6;84.14
01;09;7;07;09;7;126.97;126.51;126.51;7033.57;184.71;7093.57;63.96;86.43
08;09;7;14;09;7;132.65;130.81;130.81;7207;198.43;7170.14;61.11;86
15;09;7;21;09;7;150.11;147.26;146.73;7195.29;184;7297.14;59.33;85.29
22;09;7;28;09;7;189.13;186.16;186.16;7172.86;153.57;7491.43;55.77;83.57
29;09;7;05;10;7;168.46;168.46;165.13;7150;168.71;7428.57;52.87;71.14
06;10;7;12;10;7;173.85;169.29;168.68;7279.57;160.86;7397.71;49.76;65.29
13;10;7;19;10;7;207.66;205.54;205.54;7478.57;148.14;7495;46.76;62.86
20;10;7;26;10;7;211.84;209.96;209.21;7515.43;151.86;7667.29;43.77;59.86
27;10;7;02;11;7;237.66;237.66;237.66;7547.57;161.86;7653.14;40.59;53.29
03;11;7;09;11;7;224.1;223.89;223.89;7656.71;168.86;7745.29;37.44;28.29
10;11;7;16;11;7;182.68;181.3;181.3;7230;167.29;7693.29;34.73;30.29
17;11;7;23;11;7;150.54;150.54;150.54;6958.14;174.57;7719.14;32.17;32.71
24;11;7;30;11;7;170.27;169.65;169.19;6967.71;175.57;7707.86;30.19;33.43
01;12;7;07;12;7;189.25;189.25;189.25;6833.14;227.29;7729;28.13;30
08;12;7;14;12;7;212.2;212.2;212.2;6170;344;7643.57;28.34;33.43
15;12;7;21;12;7;200.48;200.48;200.48;5920.71;474.71;7642;26.59;37.86
22;12;7;28;12;7;199.76;199.76;199.76;5334.29;729.86;7224;26.41;40.57
29;12;7;31;12;7;247.01;247.01;247.01;2080.86;346.43;3009.71;26.6;44
05;01;8;11;01;8;475.53;473.3;472.21;3987.43;1046.29;7651.71;27.04;49.86
12;01;8;18;01;8;569.59;569.59;569.59;3776.57;1121;7457.86;27.14;44.14
19;01;8;25;01;8;548.14;548.14;548.14;3800.57;1127;7465.57;27.53;39.57
26;01;8;01;02;8;550.28;550.28;550.28;3516.71;1234.57;7434.57;29.53;38
02;02;8;08;02;8;256.05;256.05;256.05;3454;1205.57;7121.71;33.84;40
09;02;8;15;02;8;126.3;126.3;126.3;3571.71;1118.57;7699;38.76;54.71
16;02;8;22;02;8;180.33;180.33;180.33;3410.57;1059.14;7649.14;43.3;66.29
23;02;8;29;02;8;247.02;247.02;247.02;3339.43;992.29;7640.14;46.87;73.57
01;03;8;07;03;8;137.69;135.19;135.19;3804.29;1005.29;7610.86;49.66;80.43
08;03;8;14;03;8;127.15;125.78;124.86;3810.71;872.71;7684.71;51.99;78.57
15;03;8;21;03;8;168.71;167.6;167.6;3408.86;918.29;7196.14;56.76;79.86
22;03;8;28;03;8;80.48;80.48;80.48;3580.71;662.57;7267;61.71;82.14
29;03;8;04;04;8;85.8;85.23;85.23;3784.86;526.29;7290;67.64;111.14
05;04;8;11;04;8;113.25;113.25;113.25;5366.86;250.14;7338.57;74;179.71
12;04;8;18;04;8;70.01;68.18;68.18;4207;354;7485;77.24;150.14
19;04;8;25;04;8;48.74;48.24;48.24;3714.29;422.14;7531.57;79.64;131.29
26;04;8;02;05;8;42.11;41.33;41.33;3810.57;418.71;7540.29;81.54;119
03;05;8;09;05;8;29.66;29.32;29.32;4115.57;340;7639.57;82.51;109.43
10;05;8;16;05;8;15.47;15.47;15.47;3889.86;481.57;7388.86;82.77;101.14
17;05;8;23;05;8;34.77;34.29;34.29;4143.57;445.57;7428.86;82.6;92.14
24;05;8;30;05;8;51.62;51.11;51.11;4097.14;420.43;7504.57;82.31;85
31;05;8;06;06;8;72.61;71.85;71.85;4089.57;474.14;7367.29;81.97;79.43
07;06;8;13;06;8;77.02;76.16;76.03;4352.86;495.57;7378.14;81.46;76.57
14;06;8;20;06;8;71.74;70.51;69.88;4317.57;365.43;7248.43;80.4;73.29
21;06;8;27;06;8;77.73;76.72;76.72;4146.57;538.71;6910.29;79.5;70.71
28;06;8;04;07;8;89.07;88.11;88.11;4413.86;344.86;7147;78.43;73.43
05;07;8;11;07;8;91.79;91.32;91.32;4417.57;170.71;7182.57;77.53;75.71
12;07;8;18;07;8;103.31;102.58;102.53;4150.43;181.29;7085.43;76.57;74.43
19;07;8;25;07;8;111.69;110.23;110.12;4362.86;193.14;7132.57;75.34;73
26;07;8;01;08;8;147.75;146.66;145.35;4915.57;188.71;7179.14;73.79;71.86
02;08;8;08;08;8;140.43;138.64;138.25;5290.57;157.29;7269.29;72.23;72.14
09;08;8;15;08;8;121.54;117.87;117.49;6016.29;180;7395.29;70.14;72.71
16;08;8;22;08;8;81.49;80.13;77.05;6025.86;173.43;7461.29;67.71;72.71
23;08;8;29;08;8;74.06;72.65;69.38;5984.57;179.86;7432.43;65.66;70.71
06;09;8;12;09;8;108.86;105.83;105.62;5820.71;155.43;7596.29;61.23;67.71
13;09;8;19;09;8;122.48;119.06;118.04;5721.57;166.14;7687.86;59.23;68
20;09;8;26;09;8;126.19;121.19;120.97;5503;188;7739.14;57.01;67
27;09;8;03;10;8;101.8;100.39;100.23;5645;90;7756.29;55.11;65.14
04;10;8;10;10;8;98.98;98.1;97.53;6024.57;222.86;7653.86;54.36;68.14
11;10;8;17;10;8;76.91;75.98;74.28;6628.71;205.14;7729.71;50.13;71
18;10;8;24;10;8;94.07;93.23;93.2;6684;217.86;7856.57;47.6;68.43
25;10;8;31;10;8;100.76;99.75;98.71;7079.43;218.29;7940.43;44.93;64.86
01;11;8;07;11;8;105.42;105.39;103.73;7126.57;211.71;8019.29;42.06;28.43
08;11;8;14;11;8;120.15;120.12;115.28;6862.57;191.57;7919;39.59;25.71
15;11;8;21;11;8;113.85;113.75;109.17;6090;242;7805.86;37.8;27.86
22;11;8;28;11;8;93.74;93.6;91.04;5885.43;273.43;7751;36.49;36.71
29;11;8;05;12;8;97.08;95.35;95.35;5885.86;258.57;7706.86;36.44;58.14
06;12;8;12;12;8;103.56;103.56;103.42;4703.29;249.43;7495.29;36.67;63.86
13;12;8;19;12;8;113.15;113.15;113.15;5515.57;239.43;7496.86;36.74;62.57
20;12;8;26;12;8;91.74;91.74;91.34;5119.14;256.57;6991.57;39.39;63.43
27;12;8;31;12;8;74.16;74.1;74.1;3401.86;190.57;5042.71;43.38;65.8
03;01;9;09;01;9;26.95;26.95;25.86;4649;228.43;7366.57;48.24;90.29
10;01;9;16;01;9;62.08;61.21;61.21;4702;232.29;7430;51.71;103.14
17;01;9;23;01;9;125.44;125.44;125.44;4252.43;399;7402.71;55.84;110.29
24;01;9;30;01;9;107.59;107.59;107.59;4495.71;264;7380.57;61.21;113.57
31;01;9;06;02;9;16.31;16.31;16.31;5285;38.71;7437.71;64.2;88.29
07;02;9;13;02;9;27.06;27.06;27.06;5875.29;39.57;7730.29;67.17;89.14
14;02;9;20;02;9;43.44;43.44;42.76;5061;66.14;7489;70.69;95.43
21;02;9;27;02;9;16.31;16.31;16.31;4699.86;177.43;6880;74.77;96
28;02;9;06;03;9;64.42;61.47;59.91;5377.43;42.29;7409.29;78.77;94.29
07;03;9;13;03;9;80.18;76.91;76.91;5658.57;134.57;7633;81.4;86.71
14;03;9;20;03;9;96.86;95.73;95.73;5487.43;98;7682.57;82.73;76.57
21;03;9;27;03;9;93.21;91.75;91.75;5530.43;32.71;7727.57;84.07;69.71
28;03;9;03;04;9;97.98;97.98;97.34;5021.43;264;7728.71;85.24;70.43
04;04;9;10;04;9;31.22;31.02;29.95;5062.43;41.29;7436.14;87.49;82.86
11;04;9;17;04;9;16.31;16.31;16.31;5474.86;231.43;7260.86;91.91;100
18;04;9;24;04;9;16.31;16.31;16.31;5767.57;37.43;7119.71;95.27;107.86
25;04;9;01;05;9;16.31;16.31;16.31;6031.14;123.71;7251.43;98.2;119.43
02;05;9;08;05;9;36.45;36.45;36.21;6622.71;44.43;7143.71;99.14;151.57
09;05;9;15;05;9;29.05;28.87;28.68;7112.29;40.14;7257.57;99.23;136
16;05;9;22;05;9;28.87;28.87;28.68;7193.29;36.29;7227.57;99.23;129.71
23;05;9;29;05;9;29.67;29.67;29.47;6875.43;35.86;7116;98.74;121.29
30;05;9;05;06;9;27.35;26.94;26.94;6432.29;58.57;7151.57;97.87;112.86
06;06;9;12;06;9;26.14;25.56;25.39;6007.57;65.29;7042.29;96.77;105.29
13;06;9;19;06;9;28.93;28.93;28.74;6178.14;277.57;7204;95.4;99
20;06;9;26;06;9;31.07;30.17;30.17;5981.29;884.14;6991.57;94.52;96.86
27;06;9;03;07;9;43.08;43.08;43.08;6715.57;319.71;7126.71;93.51;98.29
04;07;9;10;07;9;30.4;30.4;30.4;6301.86;534.29;7004.57;91.76;97.57
11;07;9;17;07;9;25.45;25.45;25.45;6365.14;714.14;7277;90.21;98
18;07;9;24;07;9;17.32;17.32;17.31;6443.29;239.71;7307.71;88.06;96.86
25;07;9;31;07;9;21.67;21.5;21.45;5930;495.43;7294.29;85.77;95.14
01;08;9;07;08;9;16.31;16.31;16.31;6012.57;386.14;7336.86;84.2;95.43
08;08;9;14;08;9;16.31;16.31;16.31;6099.57;350.29;7333.57;82.41;93
15;08;9;21;08;9;16.31;16.31;16.31;5990.14;253.71;7319.86;80.26;91.71
22;08;9;28;08;9;16.31;16.31;16.31;5738.29;163.14;7467.57;78.56;90.43
29;08;9;04;09;9;16.31;16.31;16.31;10381.86;209.14;13924.71;70.86;82.85
05;09;9;11;09;9;16.31;16.31;16.31;5414;480.43;7528.43;73.4;96.29
12;09;9;18;09;9;16.31;16.31;16.31;5443.86;535.86;7711.43;73.67;103.14
19;09;9;25;09;9;16.31;16.31;16.31;6132.29;404;7993.29;71.84;103.57
26;09;9;02;10;9;16.31;16.31;16.31;6381.57;522.14;7899.43;69.54;99
03;10;9;09;10;9;16.31;16.31;16.31;6589.29;223.57;8047.57;67.33;92
10;10;9;16;10;9;16.31;16.31;16.31;5991;623.43;7789.86;65.43;95.14
17;10;9;23;10;9;16.31;16.31;16.31;6663;273.71;8099.71;63.86;95
24;10;9;30;10;9;16.31;16.31;16.31;6378.86;30.57;7834.29;63.19;104.57
31;10;9;06;11;9;16.31;16.31;16.31;6222.43;305.86;7716.86;63.2;129.43
07;11;9;13;11;9;16.31;16.31;16.31;6979.57;141.29;7982.86;63.17;141.86
14;11;9;20;11;9;16.31;16.31;16.31;6930.29;111;7844.57;63.57;148.57
21;11;9;27;11;9;16.31;16.31;16.31;7170.86;41.57;7912.86;62.77;147
28;11;9;04;12;9;16.31;16.31;16.31;6920;161.86;8008.86;61.87;89.14
05;12;9;11;12;9;16.31;16.31;16.31;5923.86;403.29;8156;61.33;47
12;12;9;18;12;9;16.31;16.31;16.31;6428.43;83.86;7846.71;62.21;50.43
19;12;9;25;12;9;16.31;16.31;16.31;5928.14;80.29;7794.43;62.97;62
26;12;9;31;12;9;16.31;16.31;16.31;4621.57;66;6575.57;64.62;69.33
